Format Version,1.23,Take Name,cam-calib-1,Take Notes,,Capture Frame Rate,120.000000,Export Frame Rate,120.000000,Capture Start Time,2025-07-07 04.19.57.313 PM,Capture Start Frame,246810,Total Frames in Take,51,Total Exported Frames,51,Rotation Type,Quaternion,Length Units,Meters,Coordinate Space,Global

,Type,Rigid Body,Rigid Body,Rigid Body,Rigid Body,Rigid Body,Rigid Body,Rigid Body,Rigid Body,Rigid Body Marker,Rigid Body Marker,Rigid Body Marker,Rigid Body Marker,Rigid Body Marker,Rigid Body Marker,Rigid Body Marker,Rigid Body Marker,Rigid Body Marker,Rigid Body Marker,Rigid Body Marker,Rigid Body Marker,Rigid Body Marker,Rigid Body Marker,Rigid Body Marker,Rigid Body Marker,Marker,Marker,Marker,Marker,Marker,Marker,Marker,Marker,Marker,Marker,Marker,Marker
,Name,Kinect_cam,Kinect_cam,Kinect_cam,Kinect_cam,Kinect_cam,Kinect_cam,Kinect_cam,Kinect_cam,"Kinect_cam:Marker1","Kinect_cam:Marker1","Kinect_cam:Marker1","Kinect_cam:Marker1","Kinect_cam:Marker2","Kinect_cam:Marker2","Kinect_cam:Marker2","Kinect_cam:Marker2","Kinect_cam:Marker3","Kinect_cam:Marker3","Kinect_cam:Marker3","Kinect_cam:Marker3","Kinect_cam:Marker4","Kinect_cam:Marker4","Kinect_cam:Marker4","Kinect_cam:Marker4",Kinect_cam:Marker1,Kinect_cam:Marker1,Kinect_cam:Marker1,Kinect_cam:Marker2,Kinect_cam:Marker2,Kinect_cam:Marker2,Kinect_cam:Marker3,Kinect_cam:Marker3,Kinect_cam:Marker3,Kinect_cam:Marker4,Kinect_cam:Marker4,Kinect_cam:Marker4
,ID,"4E30494859EA11F0D40A5771EB50C192","4E30494859EA11F0D40A5771EB50C192","4E30494859EA11F0D40A5771EB50C192","4E30494859EA11F0D40A5771EB50C192","4E30494859EA11F0D40A5771EB50C192","4E30494859EA11F0D40A5771EB50C192","4E30494859EA11F0D40A5771EB50C192","4E30494859EA11F0D40A5771EB50C192","4E30494859EA11F0D40A5771EB50C192","4E30494859EA11F0D40A5771EB50C192","4E30494859EA11F0D40A5771EB50C192","4E30494859EA11F0D40A5771EB50C192","4E30494859EA11F0D40A5771EB50C192","4E30494859EA11F0D40A5771EB50C192","4E30494859EA11F0D40A5771EB50C192","4E30494859EA11F0D40A5771EB50C192","4E30494859EA11F0D40A5771EB50C192","4E30494859EA11F0D40A5771EB50C192","4E30494859EA11F0D40A5771EB50C192","4E30494859EA11F0D40A5771EB50C192","4E30494859EA11F0D40A5771EB50C192","4E30494859EA11F0D40A5771EB50C192","4E30494859EA11F0D40A5771EB50C192","4E30494859EA11F0D40A5771EB50C192","CEB60","CEB60","CEB60","CB090","CB090","CB090","CB100","CB100","CB100","C7CF0","C7CF0","C7CF0"
,,Rotation,Rotation,Rotation,Rotation,Position,Position,Position,Mean Marker Error,Position,Position,Position,Marker Quality,Position,Position,Position,Marker Quality,Position,Position,Position,Marker Quality,Position,Position,Position,Marker Quality,Position,Position,Position,Position,Position,Position,Position,Position,Position,Position,Position,Position
Frame,Time (Seconds),X,Y,Z,W,X,Y,Z,,X,Y,Z,,X,Y,Z,,X,Y,Z,,X,Y,Z,,X,Y,Z,X,Y,Z,X,Y,Z,X,Y,Z
0,0.000000,0.984902,0.129258,-0.113400,0.020008,0.412639,0.526688,-0.250532,0.000294,0.403105,0.490500,-0.205106,0.920521,0.409187,0.556605,-0.290034,0.949369,0.390733,0.498433,-0.250702,0.918432,0.447502,0.561206,-0.256505,0.919684,0.402873,0.490551,-0.205317,0.409143,0.556612,-0.289836,0.390826,0.498198,-0.250496,0.447686,0.561384,-0.256699
1,0.008333,0.984904,0.129280,-0.113345,0.020071,0.412643,0.526697,-0.250528,0.000293,0.403107,0.490514,-0.205100,0.920521,0.409194,0.556610,-0.290034,0.949369,0.390739,0.498442,-0.250699,0.918432,0.447505,0.561217,-0.256501,0.919684,0.402870,0.490567,-0.205310,0.409147,0.556619,-0.289833,0.390839,0.498206,-0.250494,0.447689,0.561391,-0.256697
2,0.016667,0.984896,0.129292,-0.113421,0.020001,0.412641,0.526686,-0.250526,0.000292,0.403112,0.490497,-0.205101,0.920783,0.409185,0.556603,-0.290027,0.949152,0.390737,0.498430,-0.250696,0.919121,0.447501,0.561206,-0.256500,0.920427,0.402880,0.490549,-0.205311,0.409140,0.556609,-0.289829,0.390830,0.498197,-0.250492,0.447684,0.561382,-0.256693
3,0.025000,0.984847,0.129211,-0.113970,0.019786,0.412587,0.526659,-0.250528,0.000291,0.403103,0.490460,-0.205101,0.920957,0.409093,0.556587,-0.290017,0.948153,0.390677,0.498407,-0.250680,0.922358,0.447448,0.561173,-0.256533,0.916124,0.402888,0.490523,-0.205325,0.409031,0.556561,-0.289821,0.390740,0.498173,-0.250487,0.447662,0.561371,-0.256700
4,0.033333,0.984838,0.129329,-0.113912,0.019806,0.412596,0.526657,-0.250538,0.000289,0.403115,0.490456,-0.205112,0.920957,0.409098,0.556585,-0.290027,0.948153,0.390693,0.498401,-0.250692,0.922358,0.447449,0.561180,-0.256539,0.916124,0.402892,0.490520,-0.205336,0.409031,0.556563,-0.289829,0.390769,0.498168,-0.250497,0.447663,0.561372,-0.256708
5,0.041667,0.984888,0.129439,-0.113314,0.020042,0.412650,0.526673,-0.250532,0.000295,0.403122,0.490482,-0.205108,0.919364,0.409193,0.556589,-0.290034,0.947463,0.390754,0.498410,-0.250706,0.921612,0.447501,0.561204,-0.256500,0.916638,0.402879,0.490536,-0.205323,0.409146,0.556600,-0.289829,0.390866,0.498176,-0.250495,0.447679,0.561372,-0.256701
6,0.050000,0.984895,0.129324,-0.113377,0.020050,0.412633,0.526685,-0.250528,0.000291,0.403102,0.490499,-0.205101,0.919788,0.409178,0.556599,-0.290032,0.948542,0.390731,0.498427,-0.250698,0.918691,0.447491,0.561208,-0.256502,0.921078,0.402867,0.490552,-0.205313,0.409132,0.556605,-0.289831,0.390831,0.498196,-0.250492,0.447671,0.561379,-0.256696
7,0.058333,0.984879,0.129352,-0.113507,0.019944,0.412622,0.526678,-0.250535,0.000286,0.403105,0.490484,-0.205111,0.921702,0.409155,0.556600,-0.290032,0.950159,0.390721,0.498420,-0.250704,0.920725,0.447477,0.561203,-0.256512,0.922428,0.402878,0.490533,-0.205321,0.409113,0.556603,-0.289837,0.390815,0.498196,-0.250500,0.447653,0.561375,-0.256702
8,0.066667,0.984834,0.129478,-0.113759,0.019898,0.412605,0.526664,-0.250534,0.000277,0.403121,0.490465,-0.205107,0.921702,0.409110,0.556587,-0.290028,0.950159,0.390711,0.498400,-0.250692,0.920725,0.447449,0.561197,-0.256528,0.922428,0.402881,0.490525,-0.205329,0.409029,0.556564,-0.289823,0.390822,0.498187,-0.250500,0.447658,0.561373,-0.256703
9,0.075000,0.984894,0.129174,-0.113584,0.019913,0.412616,0.526673,-0.250537,0.000306,0.403093,0.490482,-0.205112,0.917000,0.409154,0.556596,-0.290034,0.944714,0.390705,0.498423,-0.250703,0.922842,0.447483,0.561185,-0.256520,0.918836,0.402881,0.490537,-0.205327,0.409131,0.556602,-0.289840,0.390761,0.498172,-0.250494,0.447662,0.561375,-0.256708
10,0.083333,0.984904,0.129136,-0.113545,0.019887,0.412614,0.526673,-0.250534,0.000309,0.403085,0.490481,-0.205112,0.921518,0.409158,0.556598,-0.290029,0.950191,0.390701,0.498425,-0.250702,0.915776,0.447485,0.561183,-0.256512,0.919007,0.402870,0.490540,-0.205333,0.409131,0.556604,-0.289832,0.390760,0.498170,-0.250490,0.447667,0.561373,-0.256701
11,0.091667,0.984892,0.129375,-0.113364,0.019978,0.412639,0.526680,-0.250537,0.000294,0.403111,0.490486,-0.205115,0.918683,0.409182,0.556600,-0.290036,0.948030,0.390740,0.498420,-0.250711,0.917512,0.447494,0.561207,-0.256505,0.920259,0.402874,0.490541,-0.205331,0.409134,0.556607,-0.289834,0.390841,0.498185,-0.250503,0.447678,0.561380,-0.256700
12,0.100000,0.984882,0.129424,-0.113386,0.020016,0.412640,0.526674,-0.250532,0.000292,0.403118,0.490482,-0.205108,0.918683,0.409179,0.556591,-0.290033,0.948030,0.390744,0.498412,-0.250704,0.917512,0.447492,0.561204,-0.256504,0.920259,0.402879,0.490533,-0.205316,0.409132,0.556604,-0.289834,0.390849,0.498178,-0.250497,0.447672,0.561374,-0.256702
13,0.108333,0.984891,0.129411,-0.113322,0.020028,0.412649,0.526672,-0.250527,0.000291,0.403120,0.490481,-0.205103,0.919759,0.409193,0.556589,-0.290028,0.948847,0.390752,0.498410,-0.250701,0.917623,0.447502,0.561201,-0.256494,0.920602,0.402878,0.490529,-0.205312,0.409145,0.556600,-0.289829,0.390860,0.498180,-0.250492,0.447683,0.561372,-0.256693
14,0.116667,0.984887,0.129352,-0.113436,0.019978,0.412632,0.526682,-0.250532,0.000287,0.403109,0.490490,-0.205109,0.921064,0.409171,0.556602,-0.290032,0.949662,0.390731,0.498424,-0.250703,0.920006,0.447488,0.561207,-0.256506,0.921626,0.402877,0.490540,-0.205318,0.409125,0.556607,-0.289836,0.390828,0.498197,-0.250499,0.447667,0.561379,-0.256697
15,0.125000,0.984895,0.129255,-0.113479,0.019945,0.412628,0.526688,-0.250528,0.000290,0.403102,0.490496,-0.205104,0.920421,0.409170,0.556609,-0.290026,0.949159,0.390722,0.498434,-0.250698,0.920174,0.447491,0.561206,-0.256504,0.921698,0.402875,0.490550,-0.205321,0.409125,0.556608,-0.289827,0.390813,0.498207,-0.250492,0.447671,0.561380,-0.256691
16,0.133333,0.984901,0.129255,-0.113409,0.020018,0.412640,0.526690,-0.250531,0.000291,0.403108,0.490504,-0.205104,0.920421,0.409188,0.556607,-0.290033,0.949159,0.390735,0.498436,-0.250700,0.920174,0.447503,0.561208,-0.256505,0.921698,0.402876,0.490559,-0.205317,0.409140,0.556609,-0.289832,0.390829,0.498204,-0.250498,0.447688,0.561384,-0.256697
17,0.141667,0.984894,0.129326,-0.113391,0.020039,0.412641,0.526685,-0.250532,0.000291,0.403112,0.490498,-0.205105,0.920178,0.409185,0.556600,-0.290035,0.948939,0.390739,0.498428,-0.250702,0.918673,0.447499,0.561208,-0.256506,0.920537,0.402878,0.490551,-0.205316,0.409138,0.556607,-0.289836,0.390837,0.498195,-0.250497,0.447682,0.561382,-0.256699
18,0.150000,0.984895,0.129359,-0.113343,0.020031,0.412652,0.526680,-0.250531,0.000292,0.403121,0.490491,-0.205106,0.919108,0.409198,0.556596,-0.290033,0.947863,0.390752,0.498421,-0.250704,0.918391,0.447508,0.561206,-0.256501,0.920492,0.402883,0.490544,-0.205319,0.409150,0.556602,-0.289830,0.390856,0.498190,-0.250498,0.447690,0.561377,-0.256696
19,0.158333,0.984882,0.129366,-0.113457,0.019984,0.412636,0.526680,-0.250534,0.000285,0.403116,0.490488,-0.205109,0.919108,0.409173,0.556598,-0.290034,0.947863,0.390736,0.498420,-0.250704,0.918391,0.447491,0.561205,-0.256510,0.920492,0.402883,0.490538,-0.205313,0.409126,0.556604,-0.289835,0.390836,0.498193,-0.250505,0.447671,0.561377,-0.256703
20,0.166667,0.984893,0.129421,-0.113289,0.020042,0.412652,0.526674,-0.250533,0.000290,0.403121,0.490484,-0.205109,0.921636,0.409198,0.556590,-0.290035,0.948987,0.390756,0.498412,-0.250708,0.920622,0.447504,0.561204,-0.256499,0.921259,0.402877,0.490534,-0.205319,0.409145,0.556598,-0.289833,0.390867,0.498182,-0.250503,0.447690,0.561375,-0.256697
21,0.175000,0.984896,0.129366,-0.113334,0.020018,0.412649,0.526682,-0.250532,0.000292,0.403118,0.490491,-0.205109,0.918297,0.409195,0.556599,-0.290034,0.947976,0.390750,0.498423,-0.250706,0.917663,0.447505,0.561208,-0.256500,0.919320,0.402875,0.490544,-0.205322,0.409140,0.556606,-0.289833,0.390857,0.498190,-0.250499,0.447695,0.561382,-0.256695
22,0.183333,0.984899,0.129351,-0.113313,0.020065,0.412653,0.526689,-0.250533,0.000291,0.403118,0.490503,-0.205107,0.918598,0.409202,0.556603,-0.290038,0.947284,0.390753,0.498430,-0.250706,0.918116,0.447510,0.561214,-0.256503,0.920816,0.402879,0.490559,-0.205321,0.409151,0.556609,-0.289833,0.390859,0.498198,-0.250501,0.447693,0.561383,-0.256698
23,0.191667,0.984883,0.129350,-0.113476,0.019910,0.412643,0.526678,-0.250531,0.000293,0.403124,0.490480,-0.205111,0.918598,0.409179,0.556603,-0.290026,0.947284,0.390742,0.498420,-0.250703,0.918116,0.447499,0.561203,-0.256504,0.920816,0.402892,0.490529,-0.205324,0.409136,0.556607,-0.289831,0.390835,0.498190,-0.250494,0.447681,0.561380,-0.256696
24,0.200000,0.984843,0.129271,-0.113936,0.019812,0.412594,0.526664,-0.250536,0.000291,0.403110,0.490465,-0.205108,0.920439,0.409098,0.556591,-0.290026,0.949973,0.390687,0.498410,-0.250689,0.918877,0.447451,0.561183,-0.256540,0.920549,0.402887,0.490527,-0.205329,0.409027,0.556570,-0.289833,0.390761,0.498173,-0.250494,0.447672,0.561378,-0.256707
25,0.208333,0.984884,0.129430,-0.113363,0.019986,0.412640,0.526678,-0.250533,0.000296,0.403117,0.490483,-0.205111,0.918763,0.409180,0.556598,-0.290032,0.949067,0.390744,0.498416,-0.250707,0.916311,0.447492,0.561209,-0.256501,0.919646,0.402878,0.490537,-0.205324,0.409131,0.556610,-0.289834,0.390846,0.498177,-0.250496,0.447679,0.561383,-0.256696
26,0.216667,0.984894,0.129419,-0.113281,0.020059,0.412646,0.526680,-0.250528,0.000295,0.403114,0.490491,-0.205104,0.918479,0.409193,0.556594,-0.290032,0.947706,0.390750,0.498418,-0.250703,0.916539,0.447499,0.561209,-0.256495,0.918904,0.402871,0.490545,-0.205315,0.409141,0.556606,-0.289830,0.390856,0.498178,-0.250496,0.447688,0.561383,-0.256693
27,0.225000,0.984879,0.129416,-0.113431,0.019966,0.412629,0.526677,-0.250535,0.000288,0.403111,0.490481,-0.205112,0.918479,0.409165,0.556597,-0.290033,0.947706,0.390732,0.498416,-0.250706,0.916539,0.447481,0.561206,-0.256507,0.918904,0.402876,0.490532,-0.205320,0.409116,0.556606,-0.289838,0.390832,0.498184,-0.250502,0.447664,0.561378,-0.256698
28,0.233333,0.984835,0.129408,-0.113839,0.019865,0.412602,0.526656,-0.250531,0.000289,0.403120,0.490457,-0.205104,0.920708,0.409106,0.556580,-0.290023,0.949754,0.390704,0.498396,-0.250687,0.918976,0.447451,0.561185,-0.256529,0.921041,0.402890,0.490520,-0.205325,0.409032,0.556564,-0.289827,0.390790,0.498160,-0.250489,0.447668,0.561374,-0.256701
29,0.241667,0.984878,0.129382,-0.113486,0.019918,0.412634,0.526675,-0.250535,0.000290,0.403117,0.490477,-0.205114,0.921499,0.409167,0.556599,-0.290030,0.950474,0.390734,0.498415,-0.250706,0.919723,0.447487,0.561202,-0.256509,0.921696,0.402890,0.490526,-0.205324,0.409126,0.556604,-0.289836,0.390825,0.498187,-0.250499,0.447665,0.561376,-0.256699
30,0.250000,0.984885,0.129384,-0.113410,0.019989,0.412633,0.526678,-0.250533,0.000292,0.403110,0.490486,-0.205109,0.919849,0.409172,0.556597,-0.290032,0.948787,0.390734,0.498418,-0.250704,0.918434,0.447487,0.561206,-0.256505,0.921493,0.402878,0.490541,-0.205324,0.409128,0.556604,-0.289832,0.390830,0.498185,-0.250497,0.447666,0.561377,-0.256698
31,0.258333,0.984894,0.129289,-0.113448,0.019944,0.412629,0.526680,-0.250533,0.000294,0.403102,0.490487,-0.205110,0.919849,0.409170,0.556602,-0.290030,0.948787,0.390724,0.498425,-0.250704,0.918434,0.447489,0.561201,-0.256506,0.921493,0.402873,0.490539,-0.205327,0.409130,0.556604,-0.289831,0.390815,0.498194,-0.250495,0.447668,0.561377,-0.256697
32,0.266667,0.984901,0.129316,-0.113340,0.020054,0.412640,0.526690,-0.250534,0.000294,0.403105,0.490504,-0.205108,0.919489,0.409189,0.556604,-0.290038,0.947990,0.390738,0.498432,-0.250706,0.918169,0.447499,0.561212,-0.256505,0.920678,0.402868,0.490556,-0.205320,0.409146,0.556612,-0.289835,0.390840,0.498200,-0.250499,0.447677,0.561384,-0.256704
33,0.275000,0.984906,0.129271,-0.113348,0.020046,0.412647,0.526687,-0.250522,0.000297,0.403109,0.490501,-0.205096,0.920302,0.409198,0.556601,-0.290026,0.948602,0.390742,0.498431,-0.250694,0.917965,0.447509,0.561206,-0.256494,0.919319,0.402874,0.490550,-0.205306,0.409159,0.556610,-0.289824,0.390836,0.498196,-0.250485,0.447688,0.561384,-0.256694
34,0.283333,0.984898,0.129276,-0.113416,0.020015,0.412636,0.526684,-0.250524,0.000294,0.403105,0.490497,-0.205098,0.920302,0.409181,0.556601,-0.290026,0.948602,0.390731,0.498429,-0.250693,0.917965,0.447497,0.561204,-0.256499,0.919319,0.402873,0.490546,-0.205308,0.409138,0.556607,-0.289829,0.390823,0.498195,-0.250486,0.447681,0.561382,-0.256692
35,0.291667,0.984888,0.129355,-0.113423,0.019979,0.412634,0.526681,-0.250530,0.000290,0.403110,0.490489,-0.205107,0.920703,0.409174,0.556601,-0.290029,0.949633,0.390733,0.498423,-0.250701,0.918656,0.447490,0.561207,-0.256503,0.919708,0.402879,0.490541,-0.205316,0.409129,0.556608,-0.289833,0.390828,0.498192,-0.250497,0.447670,0.561379,-0.256694
36,0.300000,0.984888,0.129381,-0.113379,0.020019,0.412644,0.526683,-0.250530,0.000292,0.403118,0.490493,-0.205105,0.918721,0.409186,0.556600,-0.290032,0.948385,0.390745,0.498423,-0.250702,0.917652,0.447498,0.561210,-0.256502,0.920837,0.402879,0.490546,-0.205320,0.409138,0.556608,-0.289831,0.390850,0.498191,-0.250493,0.447680,0.561381,-0.256697
37,0.308333,0.984891,0.129388,-0.113350,0.020014,0.412644,0.526685,-0.250535,0.000291,0.403116,0.490494,-0.205112,0.918773,0.409187,0.556603,-0.290036,0.948181,0.390746,0.498425,-0.250709,0.917947,0.447498,0.561213,-0.256504,0.919738,0.402875,0.490546,-0.205323,0.409135,0.556610,-0.289836,0.390852,0.498193,-0.250502,0.447685,0.561386,-0.256700
38,0.316667,0.984893,0.129358,-0.113374,0.019979,0.412643,0.526687,-0.250535,0.000292,0.403115,0.490494,-0.205113,0.918773,0.409187,0.556607,-0.290034,0.948181,0.390743,0.498429,-0.250709,0.917947,0.447500,0.561213,-0.256504,0.919738,0.402877,0.490545,-0.205329,0.409137,0.556611,-0.289834,0.390846,0.498200,-0.250499,0.447684,0.561387,-0.256698
39,0.325000,0.984885,0.129384,-0.113421,0.019923,0.412640,0.526685,-0.250535,0.000292,0.403118,0.490486,-0.205115,0.918685,0.409178,0.556609,-0.290030,0.948432,0.390741,0.498425,-0.250709,0.918359,0.447494,0.561212,-0.256504,0.920170,0.402885,0.490538,-0.205329,0.409135,0.556612,-0.289828,0.390840,0.498197,-0.250502,0.447671,0.561385,-0.256699
40,0.333333,0.984878,0.129376,-0.113492,0.019937,0.412634,0.526679,-0.250537,0.000287,0.403118,0.490483,-0.205114,0.921963,0.409167,0.556601,-0.290033,0.950080,0.390734,0.498419,-0.250707,0.920452,0.447488,0.561205,-0.256512,0.921443,0.402888,0.490530,-0.205320,0.409124,0.556606,-0.289838,0.390828,0.498193,-0.250504,0.447666,0.561379,-0.256704
41,0.341667,0.984840,0.129462,-0.113719,0.019931,0.412615,0.526665,-0.250534,0.000278,0.403126,0.490468,-0.205106,0.917719,0.409124,0.556585,-0.290030,0.945064,0.390720,0.498402,-0.250693,0.922903,0.447460,0.561197,-0.256527,0.917570,0.402886,0.490526,-0.205323,0.409044,0.556564,-0.289826,0.390829,0.498186,-0.250501,0.447672,0.561377,-0.256704
42,0.350000,0.984856,0.129250,-0.113835,0.019894,0.412601,0.526665,-0.250531,0.000291,0.403107,0.490473,-0.205101,0.917719,0.409115,0.556587,-0.290027,0.945064,0.390694,0.498412,-0.250685,0.922903,0.447460,0.561183,-0.256532,0.917570,0.402879,0.490538,-0.205325,0.409043,0.556566,-0.289827,0.390775,0.498176,-0.250490,0.447680,0.561376,-0.256703
43,0.358333,0.984890,0.129358,-0.113399,0.019976,0.412646,0.526682,-0.250536,0.000289,0.403120,0.490488,-0.205113,0.918538,0.409187,0.556602,-0.290035,0.946578,0.390745,0.498423,-0.250709,0.920765,0.447502,0.561207,-0.256507,0.915226,0.402882,0.490540,-0.205325,0.409137,0.556608,-0.289836,0.390850,0.498195,-0.250503,0.447684,0.561378,-0.256700
44,0.366667,0.984896,0.129157,-0.113596,0.019847,0.412625,0.526672,-0.250535,0.000305,0.403102,0.490476,-0.205115,0.922786,0.409164,0.556600,-0.290028,0.951665,0.390713,0.498423,-0.250703,0.917366,0.447494,0.561184,-0.256515,0.918727,0.402887,0.490527,-0.205329,0.409136,0.556604,-0.289837,0.390773,0.498177,-0.250491,0.447677,0.561375,-0.256703
45,0.375000,0.984881,0.129334,-0.113515,0.019898,0.412635,0.526681,-0.250543,0.000290,0.403118,0.490483,-0.205122,0.921329,0.409168,0.556605,-0.290037,0.950552,0.390733,0.498423,-0.250713,0.919901,0.447492,0.561204,-0.256518,0.920958,0.402889,0.490529,-0.205332,0.409127,0.556608,-0.289844,0.390824,0.498197,-0.250505,0.447671,0.561381,-0.256708
46,0.383333,0.984890,0.129309,-0.113462,0.019926,0.412639,0.526681,-0.250534,0.000293,0.403115,0.490485,-0.205113,0.921329,0.409178,0.556604,-0.290031,0.950552,0.390736,0.498425,-0.250706,0.919901,0.447498,0.561203,-0.256508,0.920958,0.402884,0.490536,-0.205329,0.409135,0.556605,-0.289833,0.390829,0.498196,-0.250497,0.447679,0.561380,-0.256698
47,0.391667,0.984888,0.129359,-0.113418,0.019972,0.412640,0.526679,-0.250533,0.000291,0.403116,0.490486,-0.205110,0.919857,0.409180,0.556600,-0.290032,0.948678,0.390739,0.498421,-0.250705,0.918953,0.447495,0.561205,-0.256505,0.921584,0.402884,0.490540,-0.205325,0.409135,0.556604,-0.289831,0.390837,0.498190,-0.250498,0.447674,0.561377,-0.256697
48,0.400000,0.984882,0.129434,-0.113372,0.020044,0.412640,0.526677,-0.250536,0.000289,0.403117,0.490487,-0.205110,0.920117,0.409179,0.556592,-0.290038,0.948376,0.390744,0.498415,-0.250707,0.919011,0.447490,0.561208,-0.256508,0.921233,0.402880,0.490539,-0.205318,0.409131,0.556601,-0.289837,0.390848,0.498185,-0.250504,0.447670,0.561377,-0.256704
49,0.408333,0.984893,0.129351,-0.113372,0.020005,0.412648,0.526677,-0.250529,0.000293,0.403119,0.490486,-0.205106,0.920117,0.409192,0.556595,-0.290030,0.948376,0.390748,0.498418,-0.250702,0.919011,0.447505,0.561201,-0.256500,0.921233,0.402881,0.490536,-0.205317,0.409143,0.556601,-0.289831,0.390848,0.498185,-0.250495,0.447691,0.561378,-0.256695
50,0.416667,0.984892,0.129294,-0.113447,0.020021,0.412632,0.526688,-0.250529,0.000287,0.403106,0.490501,-0.205102,0.919438,0.409174,0.556604,-0.290032,0.948630,0.390729,0.498432,-0.250697,0.918131,0.447492,0.561208,-0.256507,0.919371,0.402876,0.490552,-0.205308,0.409127,0.556608,-0.289835,0.390822,0.498202,-0.250497,0.447676,0.561383,-0.256697
