Format Version,1.23,Take Name,calib_004,Take Notes,,Capture Frame Rate,120.000000,Export Frame Rate,120.000000,Capture Start Time,2025-07-21 06.34.26.657 PM,Capture Start Frame,170620,Total Frames in Take,31,Total Exported Frames,31,Rotation Type,Quaternion,Length Units,Meters,Coordinate Space,Global

,Type,Rigid Body,Rigid Body,Rigid Body,Rigid Body,Rigid Body,Rigid Body,Rigid Body,Rigid Body,Rigid Body Marker,Rigid Body Marker,Rigid Body Marker,Rigid Body Marker,Rigid Body Marker,Rigid Body Marker,Rigid Body Marker,Rigid Body Marker,Rigid Body Marker,Rigid Body Marker,Rigid Body Marker,Rigid Body Marker,Rigid Body Marker,Rigid Body Marker,Rigid Body Marker,Rigid Body Marker,Marker,Marker,Marker,Marker,Marker,Marker,Marker,Marker,Marker,Marker,Marker,Marker
,Name,Kinect_cam2,Kinect_cam2,Kinect_cam2,Kinect_cam2,Kinect_cam2,Kinect_cam2,Kinect_cam2,Kinect_cam2,"Kinect_cam2:Marker1","Kinect_cam2:Marker1","Kinect_cam2:Marker1","Kinect_cam2:Marker1","Kinect_cam2:Marker2","Kinect_cam2:Marker2","Kinect_cam2:Marker2","Kinect_cam2:Marker2","Kinect_cam2:Marker3","Kinect_cam2:Marker3","Kinect_cam2:Marker3","Kinect_cam2:Marker3","Kinect_cam2:Marker4","Kinect_cam2:Marker4","Kinect_cam2:Marker4","Kinect_cam2:Marker4",Kinect_cam2:Marker1,Kinect_cam2:Marker1,Kinect_cam2:Marker1,Kinect_cam2:Marker2,Kinect_cam2:Marker2,Kinect_cam2:Marker2,Kinect_cam2:Marker3,Kinect_cam2:Marker3,Kinect_cam2:Marker3,Kinect_cam2:Marker4,Kinect_cam2:Marker4,Kinect_cam2:Marker4
,ID,"68E166FF62AD11F0114B3180B4AC8DBF","68E166FF62AD11F0114B3180B4AC8DBF","68E166FF62AD11F0114B3180B4AC8DBF","68E166FF62AD11F0114B3180B4AC8DBF","68E166FF62AD11F0114B3180B4AC8DBF","68E166FF62AD11F0114B3180B4AC8DBF","68E166FF62AD11F0114B3180B4AC8DBF","68E166FF62AD11F0114B3180B4AC8DBF","68E166FF62AD11F0114B3180B4AC8DBF","68E166FF62AD11F0114B3180B4AC8DBF","68E166FF62AD11F0114B3180B4AC8DBF","68E166FF62AD11F0114B3180B4AC8DBF","68E166FF62AD11F0114B3180B4AC8DBF","68E166FF62AD11F0114B3180B4AC8DBF","68E166FF62AD11F0114B3180B4AC8DBF","68E166FF62AD11F0114B3180B4AC8DBF","68E166FF62AD11F0114B3180B4AC8DBF","68E166FF62AD11F0114B3180B4AC8DBF","68E166FF62AD11F0114B3180B4AC8DBF","68E166FF62AD11F0114B3180B4AC8DBF","68E166FF62AD11F0114B3180B4AC8DBF","68E166FF62AD11F0114B3180B4AC8DBF","68E166FF62AD11F0114B3180B4AC8DBF","68E166FF62AD11F0114B3180B4AC8DBF","C9690","C9690","C9690","C9700","C9700","C9700","C9620","C9620","C9620","C96C0","C96C0","C96C0"
,,Rotation,Rotation,Rotation,Rotation,Position,Position,Position,Mean Marker Error,Position,Position,Position,Marker Quality,Position,Position,Position,Marker Quality,Position,Position,Position,Marker Quality,Position,Position,Position,Marker Quality,Position,Position,Position,Position,Position,Position,Position,Position,Position,Position,Position,Position
Frame,Time (Seconds),X,Y,Z,W,X,Y,Z,,X,Y,Z,,X,Y,Z,,X,Y,Z,,X,Y,Z,,X,Y,Z,X,Y,Z,X,Y,Z,X,Y,Z
0,0.000000,0.105927,-0.269316,-0.005079,-0.957195,0.157288,0.626714,0.391692,0.000317,0.169831,0.595554,0.379427,0.925874,0.189913,0.663685,0.394014,0.921723,0.124669,0.579581,0.377649,0.915344,0.144739,0.668037,0.415680,0.912224,0.169842,0.595277,0.379321,0.190134,0.663906,0.394017,0.124682,0.579881,0.377805,0.144493,0.667792,0.415627
1,0.008333,0.106676,-0.268334,-0.005034,-0.957388,0.157265,0.626681,0.391654,0.000316,0.169850,0.595510,0.379458,0.932556,0.189866,0.663672,0.393989,0.912854,0.124699,0.579511,0.377611,0.920713,0.144647,0.668031,0.415558,0.907784,0.169837,0.595274,0.379327,0.190120,0.663908,0.394027,0.124703,0.579773,0.377791,0.144402,0.667769,0.415472
2,0.016667,0.105792,-0.269616,-0.005402,-0.957124,0.157291,0.626693,0.391713,0.000301,0.169841,0.595544,0.379427,0.932556,0.189899,0.663678,0.394028,0.912854,0.124685,0.579550,0.377672,0.920713,0.144738,0.668000,0.415726,0.907784,0.169827,0.595278,0.379333,0.190114,0.663909,0.394035,0.124693,0.579774,0.377793,0.144529,0.667810,0.415693
3,0.025000,0.106024,-0.269259,-0.005343,-0.957199,0.157279,0.626693,0.391698,0.000310,0.169841,0.595539,0.379435,0.929607,0.189883,0.663683,0.394020,0.917904,0.124688,0.579541,0.377654,0.931129,0.144706,0.668010,0.415683,0.921882,0.169829,0.595278,0.379329,0.190113,0.663916,0.394033,0.124695,0.579779,0.377793,0.144479,0.667799,0.415637
4,0.033333,0.106569,-0.268376,-0.004793,-0.957389,0.157265,0.626709,0.391652,0.000325,0.169832,0.595532,0.379453,0.929607,0.189885,0.663683,0.393989,0.917904,0.124673,0.579557,0.377607,0.931129,0.144669,0.668064,0.415560,0.921882,0.169843,0.595273,0.379318,0.190127,0.663910,0.394020,0.124682,0.579880,0.377804,0.144406,0.667773,0.415467
5,0.041667,0.106576,-0.268365,-0.004784,-0.957392,0.157268,0.626709,0.391647,0.000323,0.169835,0.595532,0.379448,0.927706,0.189889,0.663682,0.393984,0.916970,0.124676,0.579557,0.377601,0.906058,0.144672,0.668064,0.415553,0.899715,0.169845,0.595275,0.379315,0.190131,0.663908,0.394013,0.124686,0.579878,0.377797,0.144411,0.667774,0.415461
6,0.050000,0.106560,-0.268387,-0.004766,-0.957387,0.157261,0.626714,0.391657,0.000324,0.169826,0.595537,0.379457,0.927706,0.189883,0.663686,0.393993,0.916970,0.124666,0.579565,0.377612,0.906058,0.144668,0.668070,0.415564,0.899715,0.169838,0.595278,0.379322,0.190125,0.663912,0.394023,0.124676,0.579892,0.377811,0.144404,0.667775,0.415470
7,0.058333,0.106682,-0.268314,-0.005021,-0.957393,0.157262,0.626686,0.391654,0.000318,0.169846,0.595515,0.379458,0.931811,0.189863,0.663677,0.393990,0.912131,0.124695,0.579517,0.377610,0.921596,0.144643,0.668037,0.415556,0.908563,0.169832,0.595276,0.379326,0.190119,0.663915,0.394028,0.124698,0.579775,0.377788,0.144399,0.667778,0.415472
8,0.066667,0.106674,-0.268307,-0.005032,-0.957396,0.157261,0.626682,0.391651,0.000316,0.169846,0.595511,0.379456,0.931811,0.189862,0.663674,0.393989,0.912131,0.124695,0.579513,0.377607,0.921596,0.144641,0.668032,0.415555,0.908563,0.169833,0.595274,0.379325,0.190115,0.663910,0.394026,0.124699,0.579772,0.377784,0.144398,0.667774,0.415471
9,0.075000,0.106657,-0.268329,-0.005040,-0.957392,0.157259,0.626687,0.391653,0.000316,0.169843,0.595516,0.379455,0.932064,0.189859,0.663678,0.393990,0.912636,0.124692,0.579518,0.377608,0.921373,0.144640,0.668036,0.415558,0.908541,0.169831,0.595279,0.379324,0.190112,0.663916,0.394028,0.124694,0.579777,0.377785,0.144397,0.667776,0.415473
10,0.083333,0.106018,-0.269254,-0.005340,-0.957201,0.157281,0.626690,0.391700,0.000311,0.169843,0.595537,0.379437,0.932064,0.189885,0.663679,0.394023,0.912636,0.124689,0.579539,0.377656,0.921373,0.144707,0.668007,0.415685,0.908541,0.169830,0.595274,0.379332,0.190116,0.663914,0.394035,0.124697,0.579777,0.377793,0.144481,0.667796,0.415640
11,0.091667,0.105290,-0.270415,-0.005605,-0.956952,0.157326,0.626696,0.391741,0.000292,0.169853,0.595558,0.379401,0.925253,0.189940,0.663677,0.394039,0.926016,0.124694,0.579569,0.377706,0.944812,0.144816,0.667978,0.415817,0.941770,0.169838,0.595269,0.379327,0.190124,0.663909,0.394031,0.124707,0.579772,0.377792,0.144634,0.667833,0.415813
12,0.100000,0.106582,-0.268381,-0.004786,-0.957386,0.157268,0.626708,0.391651,0.000324,0.169834,0.595531,0.379452,0.925253,0.189888,0.663682,0.393986,0.926016,0.124675,0.579557,0.377607,0.944812,0.144672,0.668064,0.415557,0.941770,0.169844,0.595274,0.379318,0.190131,0.663909,0.394017,0.124685,0.579879,0.377805,0.144410,0.667771,0.415463
13,0.108333,0.106665,-0.268311,-0.005023,-0.957396,0.157271,0.626686,0.391644,0.000316,0.169855,0.595515,0.379447,0.932971,0.189873,0.663676,0.393981,0.912552,0.124704,0.579517,0.377598,0.922309,0.144653,0.668036,0.415547,0.908858,0.169840,0.595280,0.379319,0.190128,0.663913,0.394017,0.124708,0.579773,0.377774,0.144409,0.667777,0.415465
14,0.116667,0.106665,-0.268299,-0.005009,-0.957399,0.157264,0.626686,0.391649,0.000316,0.169848,0.595514,0.379453,0.932971,0.189866,0.663675,0.393987,0.912552,0.124697,0.579517,0.377603,0.922309,0.144646,0.668036,0.415552,0.908858,0.169833,0.595278,0.379324,0.190120,0.663912,0.394025,0.124700,0.579776,0.377780,0.144403,0.667776,0.415467
15,0.125000,0.106684,-0.268302,-0.005016,-0.957396,0.157266,0.626679,0.391650,0.000318,0.169850,0.595507,0.379455,0.932262,0.189867,0.663669,0.393986,0.912481,0.124699,0.579509,0.377606,0.921338,0.144647,0.668029,0.415552,0.908311,0.169835,0.595269,0.379325,0.190123,0.663905,0.394022,0.124705,0.579770,0.377782,0.144401,0.667770,0.415469
16,0.133333,0.106688,-0.268328,-0.005026,-0.957388,0.157266,0.626682,0.391651,0.000319,0.169850,0.595511,0.379456,0.931558,0.189867,0.663673,0.393985,0.912363,0.124699,0.579512,0.377609,0.921413,0.144647,0.668033,0.415553,0.908596,0.169838,0.595271,0.379323,0.190123,0.663910,0.394022,0.124702,0.579772,0.377787,0.144400,0.667776,0.415471
17,0.141667,0.106023,-0.269270,-0.005337,-0.957196,0.157281,0.626692,0.391697,0.000311,0.169842,0.595538,0.379434,0.931558,0.189885,0.663681,0.394019,0.912363,0.124689,0.579540,0.377654,0.921413,0.144709,0.668009,0.415682,0.908596,0.169830,0.595279,0.379329,0.190118,0.663912,0.394029,0.124697,0.579778,0.377792,0.144480,0.667800,0.415639
18,0.150000,0.105806,-0.269603,-0.005413,-0.957126,0.157291,0.626692,0.391711,0.000304,0.169842,0.595543,0.379426,0.928411,0.189899,0.663679,0.394027,0.920614,0.124687,0.579548,0.377671,0.935302,0.144737,0.667999,0.415723,0.928327,0.169828,0.595272,0.379333,0.190112,0.663914,0.394032,0.124698,0.579777,0.377791,0.144528,0.667806,0.415690
19,0.158333,0.106665,-0.268310,-0.005035,-0.957396,0.157265,0.626683,0.391649,0.000317,0.169850,0.595512,0.379453,0.928411,0.189866,0.663674,0.393987,0.920614,0.124700,0.579514,0.377604,0.935302,0.144646,0.668032,0.415553,0.928327,0.169835,0.595276,0.379323,0.190120,0.663912,0.394024,0.124703,0.579772,0.377780,0.144403,0.667772,0.415468
20,0.166667,0.106564,-0.268396,-0.004768,-0.957385,0.157270,0.626715,0.391647,0.000325,0.169835,0.595537,0.379448,0.927132,0.189892,0.663686,0.393983,0.916417,0.124675,0.579565,0.377603,0.905289,0.144677,0.668070,0.415554,0.898952,0.169846,0.595278,0.379315,0.190135,0.663914,0.394011,0.124684,0.579889,0.377799,0.144414,0.667777,0.415463
21,0.175000,0.106578,-0.268369,-0.004783,-0.957390,0.157270,0.626711,0.391647,0.000326,0.169837,0.595534,0.379449,0.927132,0.189891,0.663685,0.393983,0.916417,0.124678,0.579560,0.377602,0.905289,0.144674,0.668067,0.415553,0.898952,0.169847,0.595274,0.379314,0.190134,0.663912,0.394012,0.124688,0.579884,0.377799,0.144410,0.667775,0.415461
22,0.183333,0.106677,-0.268319,-0.005038,-0.957392,0.157263,0.626683,0.391649,0.000316,0.169848,0.595513,0.379453,0.932641,0.189863,0.663675,0.393986,0.912931,0.124698,0.579513,0.377606,0.921579,0.144644,0.668033,0.415553,0.908595,0.169834,0.595277,0.379324,0.190117,0.663911,0.394022,0.124701,0.579773,0.377782,0.144400,0.667774,0.415469
23,0.191667,0.105796,-0.269608,-0.005409,-0.957126,0.157288,0.626698,0.391711,0.000302,0.169839,0.595549,0.379425,0.932641,0.189896,0.663684,0.394027,0.912931,0.124683,0.579555,0.377670,0.921579,0.144735,0.668005,0.415724,0.908595,0.169825,0.595281,0.379332,0.190109,0.663919,0.394034,0.124691,0.579780,0.377790,0.144527,0.667814,0.415690
24,0.200000,0.106023,-0.269269,-0.005355,-0.957196,0.157278,0.626695,0.391698,0.000309,0.169840,0.595541,0.379434,0.930385,0.189881,0.663685,0.394020,0.917879,0.124687,0.579542,0.377655,0.931187,0.144704,0.668011,0.415683,0.921532,0.169828,0.595283,0.379331,0.190112,0.663918,0.394032,0.124694,0.579780,0.377793,0.144478,0.667798,0.415637
25,0.208333,0.105806,-0.269601,-0.005394,-0.957127,0.157299,0.626693,0.391706,0.000303,0.169849,0.595543,0.379421,0.930385,0.189907,0.663678,0.394021,0.917879,0.124693,0.579550,0.377665,0.931187,0.144746,0.668000,0.415717,0.921532,0.169836,0.595274,0.379326,0.190122,0.663910,0.394027,0.124702,0.579776,0.377787,0.144534,0.667810,0.415685
26,0.216667,0.106584,-0.268354,-0.004764,-0.957394,0.157259,0.626713,0.391658,0.000324,0.169825,0.595535,0.379461,0.926993,0.189881,0.663686,0.393995,0.916706,0.124666,0.579563,0.377613,0.905298,0.144664,0.668070,0.415563,0.899288,0.169835,0.595277,0.379326,0.190122,0.663913,0.394027,0.124677,0.579885,0.377811,0.144402,0.667778,0.415469
27,0.225000,0.105701,-0.269685,-0.005167,-0.957116,0.157295,0.626722,0.391709,0.000310,0.169828,0.595567,0.379420,0.926993,0.189923,0.663690,0.394023,0.916706,0.124664,0.579596,0.377669,0.905298,0.144766,0.668034,0.415725,0.899288,0.169838,0.595277,0.379324,0.190125,0.663915,0.394022,0.124679,0.579885,0.377809,0.144540,0.667809,0.415683
28,0.233333,0.106579,-0.268382,-0.004771,-0.957387,0.157263,0.626712,0.391651,0.000324,0.169829,0.595535,0.379453,0.926989,0.189885,0.663685,0.393987,0.916834,0.124669,0.579562,0.377608,0.905210,0.144669,0.668068,0.415557,0.899255,0.169839,0.595276,0.379318,0.190126,0.663912,0.394017,0.124680,0.579885,0.377805,0.144407,0.667777,0.415464
29,0.241667,0.106574,-0.268378,-0.004798,-0.957388,0.157259,0.626712,0.391653,0.000323,0.169827,0.595535,0.379454,0.926989,0.189879,0.663686,0.393989,0.916834,0.124668,0.579560,0.377608,0.905210,0.144663,0.668067,0.415560,0.899255,0.169840,0.595276,0.379320,0.190119,0.663916,0.394020,0.124675,0.579882,0.377804,0.144403,0.667775,0.415466
30,0.250000,0.105806,-0.269625,-0.005406,-0.957120,0.157294,0.626699,0.391708,0.000303,0.169844,0.595549,0.379422,0.929194,0.189902,0.663685,0.394022,0.920499,0.124688,0.579555,0.377669,0.936167,0.144742,0.668006,0.415720,0.928521,0.169830,0.595283,0.379328,0.190118,0.663919,0.394029,0.124697,0.579780,0.377790,0.144532,0.667814,0.415686
